﻿"Country Code","Short Name","Table Name","Long Name","2-alpha code","Currency Unit","Special Notes","Region","Income Group","WB-2 code","National accounts base year","National accounts reference year","SNA price valuation","Lending category","Other groups","System of National Accounts","Alternative conversion factor","PPP survey year","Balance of Payments Manual in use","External debt Reporting status","System of trade","Government Accounting concept","IMF data dissemination standard","Latest population census","Latest household survey","Source of most recent Income and expenditure data","Vital registration complete","Latest agricultural census","Latest industrial data","Latest trade data",
"AFG","Afghanistan","Afghanistan","Islamic State of Afghanistan","AF","Afghan afghani","","South Asia","Low income","AF","2002/03","","Value added at basic prices (VAB)","IDA","HIPC","Country uses the 1993 System of National Accounts methodology","","","BPM6","Actual","General trade system","Consolidated central government","Enhanced General Data Dissemination System (e-GDDS)","1979","Demographic and Health Survey, 2015","Integrated household survey (IHS), 2016/17","","","","2017",
"AGO","Angola","Angola","People's Republic of Angola","AO","Angolan kwanza","","Sub-Saharan Africa","Lower middle income","AO","2002","","Value added at basic prices (VAB)","IBRD","","Country uses the 1993 System of National Accounts methodology","1991–96","","BPM6","Actual","Special trade system","Budgetary central government","Enhanced General Data Dissemination System (e-GDDS)","2014","Demographic and Health Survey, 2015/16","Integrated household survey (IHS), 2008/09","","","","2017",
"ALB","Albania","Albania","Republic of Albania","AL","Albanian lek","","Europe & Central Asia","Upper middle income","AL","Original chained constant price data are rescaled.","2010","Value added at basic prices (VAB)","IBRD","","Country uses the 2008 System of National Accounts methodology","","","BPM6","Actual","Special trade system","Consolidated central government","Enhanced General Data Dissemination System (e-GDDS)","2011","Demographic and Health Survey, 2017/18","Living Standards Measurement Study Survey (LSMS), 2012","Yes","2012","2013","2017",
"ARG","Argentina","Argentina","Argentine Republic","AR","Argentine peso","","Latin America & Caribbean","Upper middle income","AR","2004","","Value added at basic prices (VAB)","IBRD","","Country uses the 2008 System of National Accounts methodology","1971–84; 2012-15","","BPM6","Actual","Special trade system","Consolidated central government","Special Data Dissemination Standard (SDDS)","2010","Multiple Indicator Cluster Survey, 2011/12","Integrated household survey (IHS), 2016","Yes","2008","2002","2017",
"AUT","Austria","Austria","Republic of Austria","AT","Euro","A simple multiplier is used to convert the national currencies of EMU members to euros. The following irrevocable euro conversion rate was adopted by the EU Council on January 1, 1999: 1 euro = 13.7603 Austrian schilling. Please note that historical data before 1999 are not actual euros and are not comparable or suitable for aggregation across countries.","Europe & Central Asia","High income","AT","Original chained constant price data are rescaled.","2010","Value added at basic prices (VAB)","","Euro area","Country uses the 2008 System of National Accounts methodology","","","BPM6","","Special trade system","Consolidated central government","Special Data Dissemination Standard Plus (SDDS+)","2011. Population data compiled from administrative registers.","","Income survey (IS), 2015","Yes","2010","2014","2017",
"BEL","Belgium","Belgium","Kingdom of Belgium","BE","Euro","A simple multiplier is used to convert the national currencies of EMU members to euros. The following irrevocable euro conversion rate was adopted by the EU Council on January 1, 1999: 1 euro = 40.3399 Belgian franc. Please note that historical data before 1999 are not actual euros and are not comparable or suitable for aggregation across countries.","Europe & Central Asia","High income","BE","Original chained constant price data are rescaled.","2010","Value added at basic prices (VAB)","","Euro area","Country uses the 2008 System of National Accounts methodology","","","BPM6","","Special trade system","Consolidated central government","Special Data Dissemination Standard (SDDS)","2011. Population data compiled from administrative registers in combination with other sources of data, such as a sample surveys.","","Income survey (IS), 2015","Yes","2010","2014","2017",
"BEN","Benin","Benin","Republic of Benin","BJ","West African CFA franc","","Sub-Saharan Africa","Lower middle income","BJ","2015","","Value added at basic prices (VAB)","IDA","HIPC","Country uses the 2008 System of National Accounts methodology","1992","","BPM6","Actual","General trade system","Budgetary central government","Enhanced General Data Dissemination System (e-GDDS)","2013","Demographic and Health Survey, 2017/18","Core Welfare Indicator Questionnaire Survey (CWIQ), 2015","","","1981","2017",
"BFA","Burkina Faso","Burkina Faso","Burkina Faso","BF","West African CFA franc","","Sub-Saharan Africa","Low income","BF","2015","","Value added at basic prices (VAB)","IDA","HIPC","Country uses the 2008 System of National Accounts methodology","1992–93","","BPM6","Actual","General trade system","Budgetary central government","Enhanced General Data Dissemination System (e-GDDS)","2019","Malaria Indicator Survey, 2017/18","Core Welfare Indicator Questionnaire Survey (CWIQ), 2014","","2006-2010","1983","2017",
"BGD","Bangladesh","Bangladesh","People's Republic of Bangladesh","BD","Bangladeshi taka","Fiscal year end: June 30; reporting period for national accounts data: FY.","South Asia","Lower middle income","BD","2005/06","","Value added at basic prices (VAB)","IDA","","Country uses the 1993 System of National Accounts methodology","","","BPM6","Actual","General trade system","Budgetary central government","Enhanced General Data Dissemination System (e-GDDS)","2011","Multiple Indicator Cluster Survey, 2019","Integrated household survey (IHS), 2016","","2008","2011","2017",
"BGR","Bulgaria","Bulgaria","Republic of Bulgaria","BG","Bulgarian lev","","Europe & Central Asia","Upper middle income","BG","Original chained constant price data are rescaled.","2010","Value added at basic prices (VAB)","IBRD","","Country uses the 2008 System of National Accounts methodology","1978–89, 1991–92","","BPM6","Actual","Special trade system","Consolidated central government","Special Data Dissemination Standard Plus (SDDS+)","2011","Living Standards Measurement Study, 2007","Expenditure survey/budget survey (ES/BS), 2014","Yes","2010","2014","2017",
"BIH","Bosnia and Herzegovina","Bosnia and Herzegovina","Bosnia and Herzegovina","BA","Bosnia and Herzegovina convertible mark","","Europe & Central Asia","Upper middle income","BA","Original chained constant price data are rescaled.","2015","Value added at basic prices (VAB)","IBRD","","Country uses the 1993 System of National Accounts methodology","","","BPM6","Actual","Special trade system","Consolidated central government","Enhanced General Data Dissemination System (e-GDDS)","2013","Multiple Indicator Cluster Survey, 2011/12","Expenditure survey/budget survey (ES/BS), 2015","Yes","","2011","2017",
"BOL","Bolivia","Bolivia","Plurinational State of Bolivia","BO","Bolivian Boliviano","","Latin America & Caribbean","Lower middle income","BO","1990","","Value added at basic prices (VAB)","IBRD","HIPC","Country uses the 1993 System of National Accounts methodology","1960–85","","BPM6","Actual","General trade system","","Enhanced General Data Dissemination System (e-GDDS)","2012","Demographic and Health Survey, 2008","Integrated household survey (IHS), 2016","","2013","2010","2017",
"BRA","Brazil","Brazil","Federative Republic of Brazil","BR","Brazilian real","","Latin America & Caribbean","Upper middle income","BR","Original chained constant price data are rescaled.","2010","Value added at basic prices (VAB)","IBRD","","Country uses the 2008 System of National Accounts methodology","","","BPM6","Actual","Special trade system","Consolidated central government","Special Data Dissemination Standard (SDDS)","2010","National Health Survey, 2013","Integrated household survey (IHS), 2016","Yes","2006","2013","2017",
"BTN","Bhutan","Bhutan","Kingdom of Bhutan","BT","Bhutanese ngultrum","","South Asia","Lower middle income","BT","2000","","Value added at basic prices (VAB)","IDA","","Country uses the 1993 System of National Accounts methodology","","","BPM6","Actual","General trade system","Consolidated central government","Enhanced General Data Dissemination System (e-GDDS)","2017","Multiple Indicator Cluster Survey, 2010","Integrated household survey (IHS), 2017","","2009. Economic Census, Natural Resources Census, Livestock Census, Livestock and Aquaculture Census or Sample Agricultural Census.","","2017",
"BWA","Botswana","Botswana","Republic of Botswana","BW","Botswana pula","","Sub-Saharan Africa","Upper middle income","BW","2006","","Value added at basic prices (VAB)","IBRD","","Country uses the 1993 System of National Accounts methodology","","","BPM6","Actual","General trade system","Budgetary central government","Enhanced General Data Dissemination System (e-GDDS)","2011","Family Health Survey 2007/08","Core Welfare Indicator Questionnaire Survey (CWIQ), 2015/16","","2015","2013","2017",
"CAF","Central African Republic","Central African Republic","Central African Republic","CF","Central African CFA franc","","Sub-Saharan Africa","Low income","CF","2005","","Value added at basic prices (VAB)","IDA","HIPC","Country uses the 1993 System of National Accounts methodology","","","BPM5 (Converted into BPM6 by IMF)","Actual","General trade system","Budgetary central government","Enhanced General Data Dissemination System (e-GDDS)","2003","Multiple Indicator Cluster Survey, 2018/19","Priority survey (PS), 2008","","","1993","2017",
"CAN","Canada","Canada","Canada","CA","Canadian dollar","Fiscal year end: March 31; reporting period for national accounts data: CY.","North America","High income","CA","Original chained constant price data are rescaled.","2015","Value added at basic prices (VAB)","","","Country uses the 2008 System of National Accounts methodology","","","BPM6","","General trade system","Consolidated central government","Special Data Dissemination Standard Plus (SDDS+)","2016","","Labor force survey (LFS), 2013","Yes","2016","2014","2017",
"CHE","Switzerland","Switzerland","Switzerland","CH","Swiss franc","","Europe & Central Asia","High income","CH","Original chained constant price data are rescaled.","2010","Value added at basic prices (VAB)","","","Country uses the 2008 System of National Accounts methodology","","","BPM6","","Special trade system","Consolidated central government","Special Data Dissemination Standard (SDDS)","2010. Population data compiled from administrative registers in combination with other sources of data, such as a sample surveys.","","Income survey (IS), 2015","Yes","2010","2013","2017",
"CHL","Chile","Chile","Republic of Chile","CL","Chilean peso","","Latin America & Caribbean","High income","CL","Original chained constant price data are rescaled.","2013","Value added at basic prices (VAB)","IBRD","","Country uses the 2008 System of National Accounts methodology","","","BPM6","","General trade system","","Special Data Dissemination Standard (SDDS)","2017","","Integrated household survey (IHS), 2017","Yes","2007","2013","2017",
"CHN","China","China","People's Republic of China","CN","Chinese yuan","On 1 July 1997 China resumed its exercise of sovereignty over Hong Kong; and on 20 December 1999 China resumed its exercise of sovereignty over Macao. Unless otherwise noted, data for China do not include data for Hong Kong SAR, China; Macao SAR, China; or Taiwan, China.","East Asia & Pacific","Upper middle income","CN","2015","","Value added at producer prices (VAP)","IBRD","","Country uses the 2008 System of National Accounts methodology","1978–93","","BPM6","Preliminary","General trade system","Consolidated central government","Special Data Dissemination Standard (SDDS)","2010","National Sample Survey on Population Changes, 2014","Integrated household survey (IHS), 2015","","2016","2007","2017",
"CMR","Cameroon","Cameroon","Republic of Cameroon","CM","Central African CFA franc","","Sub-Saharan Africa","Lower middle income","CM","2005","","Value added at basic prices (VAB)","Blend","HIPC","Country uses the 1993 System of National Accounts methodology","","","BPM6","Actual","Special trade system","","Enhanced General Data Dissemination System (e-GDDS)","2005","Demographic and Health Survey, 2018","Priority survey (PS), 2014","","","2002","2017",
"COD","Dem. Rep. Congo","Congo, Dem. Rep.","Democratic Republic of the Congo","CD","Congolese franc","","Sub-Saharan Africa","Low income","ZR","2005","","Value added at basic prices (VAB)","IDA","HIPC","Country uses the 1993 System of National Accounts methodology","1999–2001","","BPM6","Actual","Special trade system","Budgetary central government","Enhanced General Data Dissemination System (e-GDDS)","","Multiple Indicator Cluster Survey, 2017/18","1-2-3 survey (1-2-3), 2012/13","","","","2016",
"COG","Congo","Congo, Rep.","Republic of Congo","CG","Central African CFA franc","","Sub-Saharan Africa","Lower middle income","CG","1990","","Value added at producer prices (VAP)","Blend","HIPC","Country uses the 1968 System of National Accounts methodology","1993","","BPM6","Actual","Special trade system","Budgetary central government","Enhanced General Data Dissemination System (e-GDDS)","2007","Multiple Indicator Cluster Survey, 2014/15","Core Welfare Indicator Questionnaire Survey (CWIQ)/Priority survey (PS), 2011","","2014-2015","2009","2017",
"COL","Colombia","Colombia","Republic of Colombia","CO","Colombian peso","","Latin America & Caribbean","Upper middle income","CO","2015","","Value added at basic prices (VAB)","IBRD","","Country uses the 2008 System of National Accounts methodology","1992–94","","BPM6","Actual","Special trade system","Consolidated central government","Special Data Dissemination Standard (SDDS)","2018","Demographic and Health Survey, 2015","Integrated household survey (IHS), 2017","","2015","2012","2017",
"COM","Comoros","Comoros","Union of the Comoros","KM","Comorian franc","","Sub-Saharan Africa","Lower middle income","KM","2007","","Value added at producer prices (VAP)","IDA","HIPC","Country uses the 2008 System of National Accounts methodology","","","BPM5 (Converted into BPM6 by IMF)","Actual","General trade system","","Enhanced General Data Dissemination System (e-GDDS)","2017","Demographic and Health Survey, 2012","Integrated household survey (IHS), 2013","","","","2017",
"CPV","Cabo Verde","Cabo Verde","Republic of Cabo Verde","CV","Cabo Verde escudo","","Sub-Saharan Africa","Lower middle income","CV","2007","","Value added at basic prices (VAB)","Blend","","Country uses the 1993 System of National Accounts methodology","","","BPM6","Actual","General trade system","Consolidated central government","Enhanced General Data Dissemination System (e-GDDS)","2010","Demographic and Health Survey, 2005","Income survey (IS), 2015","Yes","2015","","2017",
"CRI","Costa Rica","Costa Rica","Republic of Costa Rica","CR","Costa Rican colon","","Latin America & Caribbean","Upper middle income","CR","Original chained constant price data are rescaled.","2012","Value added at basic prices (VAB)","IBRD","","Country uses the 2008 System of National Accounts methodology","","","BPM6","Actual","General trade system","Consolidated central government","Special Data Dissemination Standard (SDDS)","2011","Multiple Indicator Cluster Survey, 2018","Integrated household survey (IHS), 2017","Yes","2014","2013","2017",
"CYP","Cyprus","Cyprus","Republic of Cyprus","CY","Euro","A simple multiplier is used to convert the national currencies of EMU members to euros. The following irrevocable euro conversion rate entered into force on January 1, 2008: 1 euro = 0.585274 Cyprus pounds. Please note that historical data are not actual euros and are not comparable or suitable for aggregation across countries.","Europe & Central Asia","High income","CY","Original chained constant price data are rescaled.","2010","Value added at basic prices (VAB)","","Euro area","Country uses the 2008 System of National Accounts methodology","","","BPM6","","General trade system","Consolidated central government","Special Data Dissemination Standard (SDDS)","2011","","Income survey (IS), 2015","Yes","2010","2014","2017",
"CZE","Czech Republic","Czech Republic","Czech Republic","CZ","Czech koruna","","Europe & Central Asia","High income","CZ","Original chained constant price data are rescaled.","2010","Value added at basic prices (VAB)","","","Country uses the 2008 System of National Accounts methodology","","","BPM6","","Special trade system","Consolidated central government","Special Data Dissemination Standard Plus (SDDS+)","2011. Population data compiled from administrative registers in combination with other sources of data, such as a sample surveys.","World Health Survey, 2003","Income survey (IS), 2015","Yes","2010","2013","2017",
"DEU","Germany","Germany","Federal Republic of Germany","DE","Euro","","Europe & Central Asia","High income","DE","Original chained constant price data are rescaled.","2010","Value added at basic prices (VAB)","","Euro area","Country uses the 2008 System of National Accounts methodology","","","BPM6","","Special trade system","Consolidated central government","Special Data Dissemination Standard Plus (SDDS+)","2011. Population figures compiled from administrative registers and sample surveys while data on housing characteristics are collected through full field enumeration.","","Income survey (IS), 2015","Yes","2010","2014","2017",
"DJI","Djibouti","Djibouti","Republic of Djibouti","DJ","Djibouti franc","","Middle East & North Africa","Lower middle income","DJ","2013","","Value added at basic prices (VAB)","IDA","","Country uses the 1993 System of National Accounts methodology","","","BPM5 (Converted into BPM6 by IMF)","Actual","General trade system","","Enhanced General Data Dissemination System (e-GDDS)","2009","Multiple Indicator Cluster Survey, 2006","Priority survey (PS), 2017","","","","2017",
"DNK","Denmark","Denmark","Kingdom of Denmark","DK","Danish krone","","Europe & Central Asia","High income","DK","Original chained constant price data are rescaled.","2010","Value added at basic prices (VAB)","","","Country uses the 2008 System of National Accounts methodology","","","BPM6","","General trade system","Consolidated central government","Special Data Dissemination Standard Plus (SDDS+)","2011. Population data compiled from administrative registers.","","Income survey (IS), 2015","Yes","2010","2014","2017",
"DOM","Dominican Republic","Dominican Republic","Dominican Republic","DO","Dominican peso","","Latin America & Caribbean","Upper middle income","DO","Original chained constant price data are rescaled.","2007","Value added at basic prices (VAB)","IBRD","","Country uses the 2008 System of National Accounts methodology","","","BPM6","Actual","General trade system","Consolidated central government","Enhanced General Data Dissemination System (e-GDDS)","2010","Multiple Indicator Cluster Survey, 2019","Integrated household survey (IHS), 2016","","2015","1984","2017",
"ECU","Ecuador","Ecuador","Republic of Ecuador","EC","U.S. dollar","","Latin America & Caribbean","Upper middle income","EC","2007","","Value added at basic prices (VAB)","IBRD","","Country uses the 2008 System of National Accounts methodology","","","BPM6","Actual","Special trade system","","Special Data Dissemination Standard (SDDS)","2010","Reproductive Health Survey, 2004","Integrated household survey (IHS), 2018","","","2008","2017",
"EGY","Egypt","Egypt, Arab Rep.","Arab Republic of Egypt","EG","Egyptian pound","","Middle East & North Africa","Lower middle income","EG","2016/17","","Value added at basic prices (VAB)","IBRD","","Country uses the 1993 System of National Accounts methodology","","","BPM5 (Converted into BPM6 by IMF)","Actual","General trade system","Budgetary central government","Special Data Dissemination Standard (SDDS)","2017","Health Issues Survey, 2015","Expenditure survey/budget survey (ES/BS), 2015","Yes","2009-2010","2012","2017",
"ESP","Spain","Spain","Kingdom of Spain","ES","Euro","A simple multiplier is used to convert the national currencies of EMU members to euros. The following irrevocable euro conversion rate was adopted by the EU Council on January 1, 1999: 1 euro = 166.386 Spanish peseta. Please note that historical data before 1999 are not actual euros and are not comparable or suitable for aggregation across countries.","Europe & Central Asia","High income","ES","Original chained constant price data are rescaled.","2010","Value added at basic prices (VAB)","","Euro area","Country uses the 2008 System of National Accounts methodology","","","BPM6","","Special trade system","Consolidated central government","Special Data Dissemination Standard Plus (SDDS+)","2011. Population data compiled from administrative registers in combination with other sources of data, such as a sample surveys.","","Income survey (IS), 2015","Yes","2009","2014","2017",
"EST","Estonia","Estonia","Republic of Estonia","EE","Euro","The following irrevocable euro conversion rate entered into force on January 1, 2011: 1 euro = 15.6466 Estonian kroon. Please note that historical data are not actual euros and are not comparable or suitable for aggregation across countries.","Europe & Central Asia","High income","EE","Original chained constant price data are rescaled.","2010","Value added at basic prices (VAB)","","Euro area","Country uses the 2008 System of National Accounts methodology","1987–95","","BPM6","","General trade system","Consolidated central government","Special Data Dissemination Standard (SDDS)","2012. Population data compiled from administrative registers in combination with other sources of data, such as a sample surveys.","World Health Survey, 2003","Income survey (IS), 2015","Yes","2010","2014","2017",
"ETH","Ethiopia","Ethiopia","Federal Democratic Republic of Ethiopia","ET","Ethiopian birr","Fiscal year end: July 7; reporting period for national accounts data: FY.","Sub-Saharan Africa","Low income","ET","2015/2016","","Value added at basic prices (VAB)","IDA","HIPC","Country uses the 1993 System of National Accounts methodology","","","BPM5 (Converted into BPM6 by IMF)","Actual","General trade system","Budgetary central government","Enhanced General Data Dissemination System (e-GDDS)","2007","Interim Demographic and Health Survey, 2019","Expenditure survey/budget survey (ES/BS), 2015/16","","","2014","2017",
"FIN","Finland","Finland","Republic of Finland","FI","Euro","A simple multiplier is used to convert the national currencies of EMU members to euros. The following irrevocable euro conversion rate was adopted by the EU Council on January 1, 1999: 1 euro = 5.94573 Finnish markka. Please note that historical data before 1999 are not actual euros and are not comparable or suitable for aggregation across countries.","Europe & Central Asia","High income","FI","Original chained constant price data are rescaled.","2010","Value added at basic prices (VAB)","","Euro area","Country uses the 2008 System of National Accounts methodology","","","BPM6","","Special trade system","Consolidated central government","Special Data Dissemination Standard Plus (SDDS+)","2010. Population data compiled from administrative registers.","","Income survey (IS), 2015","Yes","2010","2014","2017",
"FRA","France","France","French Republic","FR","Euro","The following irrevocable euro conversion rate was adopted by the EU Council on January 1, 1999: 1 euro = 6.55957 French franc. Please note that historical data before 1999 are not actual euros and are not comparable or suitable for aggregation across countries.","Europe & Central Asia","High income","FR","Original chained constant price data are rescaled.","2010","Value added at basic prices (VAB)","","Euro area","Country uses the 2008 System of National Accounts methodology","","","BPM6","","Special trade system","Consolidated central government","Special Data Dissemination Standard Plus (SDDS+)","2016","","Income survey (IS), 2015","Yes","2010","2014","2017",
"GAB","Gabon","Gabon","Gabonese Republic","GA","Central African CFA franc","","Sub-Saharan Africa","Upper middle income","GA","2001","","Value added at basic prices (VAB)","IBRD","","Country uses the 1993 System of National Accounts methodology","1993","","BPM5 (Converted into BPM6 by IMF)","Actual","Special trade system","","Enhanced General Data Dissemination System (e-GDDS)","2013","Demographic and Health Survey, 2019/20","Living Standards Measurement Study Survey (LSMS)/Integrated household survey (IHS), 2017","","","1995","2017",
"GBR","United Kingdom","United Kingdom","United Kingdom of Great Britain and Northern Ireland","GB","Pound sterling","","Europe & Central Asia","High income","GB","Original chained constant price data are rescaled.","2010","Value added at basic prices (VAB)","","","Country uses the 2008 System of National Accounts methodology","","","BPM6","","General trade system","Consolidated central government","Special Data Dissemination Standard (SDDS)","2011","","Income survey (IS), 2015","Yes","2010","2013","2017",
"GEO","Georgia","Georgia","Georgia","GE","Georgian lari","Includes self-governed areas only, which mostly exclude Abkhazia and South Ossetia, but small areas in Abkhazia and South Ossetia are included before 2008 or 2009 because of the changes in self-governed areas.","Europe & Central Asia","Upper middle income","GE","Original chained constant price data are rescaled.","2015","Value added at basic prices (VAB)","IBRD","","Country uses the 2008 System of National Accounts methodology","1990–95","","BPM6","Actual","General trade system","Consolidated central government","Special Data Dissemination Standard (SDDS)","2014","Multiple Indicator Cluster Survey, 2018","Integrated household survey (IHS), 2017","Yes","2014","2013","2017",
"GHA","Ghana","Ghana","Republic of Ghana","GH","New Ghanaian cedi","","Sub-Saharan Africa","Lower middle income","GH","2013","","Value added at basic prices (VAB)","IDA","HIPC","Country uses the 2008 System of National Accounts methodology","1973–87","","BPM6","Actual","General trade system","Consolidated central government","Enhanced General Data Dissemination System (e-GDDS)","2010","Malaria Indicator Survey, 2019","Living Standards Measurement Study Survey (LSMS), 2017","","","2003","2017",
"GIN","Guinea","Guinea","Republic of Guinea","GN","Guinean franc","","Sub-Saharan Africa","Low income","GN","Original chained constant price data are rescaled.","2010","Value added at basic prices (VAB)","IDA","HIPC","Country uses the 2008 System of National Accounts methodology","","","BPM6","Actual","Special trade system","","Enhanced General Data Dissemination System (e-GDDS)","2014","Demographic and Health Survey, 2018","Core Welfare Indicator Questionnaire Survey (CWIQ), 2012","","","","2017",
"GMB","The Gambia","Gambia, The","Republic of The Gambia","GM","Gambian dalasi","","Sub-Saharan Africa","Low income","GM","2013","","Value added at basic prices (VAB)","IDA","HIPC","Country uses the 2008 System of National Accounts methodology","","","BPM5 (Converted into BPM6 by IMF)","Actual","General trade system","Consolidated central government","Enhanced General Data Dissemination System (e-GDDS)","2013","Demographic and Health Survey, 2019/20","Integrated household survey (IHS), 2015","","2011-2012","2004","2017",
"GNB","Guinea-Bissau","Guinea-Bissau","Republic of Guinea-Bissau","GW","West African CFA franc","","Sub-Saharan Africa","Low income","GW","2005","","Value added at basic prices (VAB)","IDA","HIPC","Country uses the 1993 System of National Accounts methodology","","","BPM6","Actual","General trade system","","Enhanced General Data Dissemination System (e-GDDS)","2009","Multiple Indicator Cluster Survey, 2018/19","Core Welfare Indicator Questionnaire Survey (CWIQ), 2010","","","","2017",
"GRC","Greece","Greece","Hellenic Republic","GR","Euro","A simple multiplier is used to convert the national currencies of EMU members to euros. The following irrevocable euro conversion rate was adopted by the EU Council on January 1, 1999: 1 euro = 340.75 Greek drachma. Please note that historical data before 1999 are not actual euros and are not comparable or suitable for aggregation across countries.","Europe & Central Asia","High income","GR","Original chained constant price data are rescaled.","2010","Value added at basic prices (VAB)","","Euro area","Country uses the 2008 System of National Accounts methodology","","","BPM6","","Special trade system","Consolidated central government","Special Data Dissemination Standard (SDDS)","2011","","Income survey (IS), 2015","Yes","2009","2013","2017",
"GTM","Guatemala","Guatemala","Republic of Guatemala","GT","Guatemalan quetzal","","Latin America & Caribbean","Upper middle income","GT","Original chained constant price data are rescaled.","","Value added at basic prices (VAB)","IBRD","","Country uses the 2008 System of National Accounts methodology","","","BPM6","Actual","General trade system","Budgetary central government","Enhanced General Data Dissemination System (e-GDDS)","2018","Demographic and Health Survey, 2014/15","Living Standards Measurement Study Survey (LSMS), 2014","Yes","","1988","2017",
"HND","Honduras","Honduras","Republic of Honduras","HN","Honduran lempira","","Latin America & Caribbean","Lower middle income","HN","2000","","Value added at basic prices (VAB)","IDA","HIPC","Country uses the 1993 System of National Accounts methodology","1988–89","","BPM5 (Converted into BPM6 by IMF)","Actual","Special trade system","Consolidated central government","Enhanced General Data Dissemination System (e-GDDS)","2013","Multiple Indicator Cluster Survey, 2019","Integrated household survey (IHS), 2017","","","1996","2017",
"HRV","Croatia","Croatia","Republic of Croatia","HR","Croatian kuna","","Europe & Central Asia","High income","HR","Original chained constant price data are rescaled.","2015","Value added at basic prices (VAB)","IBRD","","Country uses the 2008 System of National Accounts methodology","","","BPM6","","Special trade system","Budgetary central government","Special Data Dissemination Standard (SDDS)","2011","World Health Survey, 2003","Income survey (IS), 2015","Yes","2010. Economic Census, Natural Resources Census, Livestock Census, Livestock and Aquaculture Census or Sample Agricultural Census.","1996","2017",
"HTI","Haiti","Haiti","Republic of Haiti","HT","Haitian gourde","Fiscal year end: September 30; reporting period for national accounts data: FY.","Latin America & Caribbean","Low income","HT","1986/87","1987/1988","Value added at basic prices (VAB)","IDA","HIPC","Country uses the 1968 System of National Accounts methodology","1991","","BPM5 (Converted into BPM6 by IMF)","Actual","General trade system","","Enhanced General Data Dissemination System (e-GDDS)","2003","Demographic and Health Survey, 2016/17","Integrated household survey (IHS), 2012","","2008-2009","","2017",
"HUN","Hungary","Hungary","Hungary","HU","Hungarian forint","","Europe & Central Asia","High income","HU","Original chained constant price data are rescaled.","2010","Value added at basic prices (VAB)","","","Country uses the 2008 System of National Accounts methodology","","","BPM6","","Special trade system","Consolidated central government","Special Data Dissemination Standard (SDDS)","2011","World Health Survey, 2003","Income survey (IS), 2014","Yes","2010","2013","2017",
"IDN","Indonesia","Indonesia","Republic of Indonesia","ID","Indonesian rupiah","Fiscal year end: March 31; reporting period for national accounts data: CY. Data for Indonesia include Timor-Leste through 1999 unless otherwise noted.","East Asia & Pacific","Upper middle income","ID","2010","","Value added at basic prices (VAB)","IBRD","","Country uses the 2008 System of National Accounts methodology","","","BPM6","Actual","General trade system","Consolidated central government","Special Data Dissemination Standard (SDDS)","2010","Demographic and Health Survey, 2017","Integrated household survey (IHS), 2017","","2013","2013","2017",
"IND","India","India","Republic of India","IN","Indian rupee","Fiscal year end: March 31; reporting period for national accounts data: FY.","South Asia","Lower middle income","IN","2011","","Value added at basic prices (VAB)","IBRD","","Country uses the 2008 System of National Accounts methodology","","","BPM6","Actual","General trade system","Consolidated central government","Special Data Dissemination Standard (SDDS)","2011","Demographic and Health Survey, 2015/16","Integrated household survey (IHS), 2011/12","","2010-2011","2014","2017",
"IRL","Ireland","Ireland","Ireland","IE","Euro","A simple multiplier is used to convert the national currencies of EMU members to euros. The following irrevocable euro conversion rate was adopted by the EU Council on January 1, 1999: 1 euro = 0.787564 Irish pound. Please note that historical data before 1999 are not actual euros and are not comparable or suitable for aggregation across countries.","Europe & Central Asia","High income","IE","Original chained constant price data are rescaled.","2010","Value added at basic prices (VAB)","","Euro area","Country uses the 2008 System of National Accounts methodology","","","BPM6","","General trade system","Consolidated central government","Special Data Dissemination Standard (SDDS)","2016","","Income survey (IS), 2015","Yes","2010","2012","2017",
"ISL","Iceland","Iceland","Republic of Iceland","IS","Iceland krona","","Europe & Central Asia","High income","IS","Original chained constant price data are rescaled.","2010","Value added at basic prices (VAB)","","","Country uses the 2008 System of National Accounts methodology","","","BPM6","","Special trade system","Consolidated central government","Special Data Dissemination Standard (SDDS)","2011. Population data compiled from administrative registers in combination with other sources of data, such as a sample surveys.","","Income survey (IS), 2014","Yes","2010","2005","2017",
"ITA","Italy","Italy","Italian Republic","IT","Euro","A simple multiplier is used to convert the national currencies of EMU members to euros. The following irrevocable euro conversion rate was adopted by the EU Council on January 1, 1999: 1 euro = 1936.27 Italian lira. Please note that historical data before 1999 are not actual euros and are not comparable or suitable for aggregation across countries.","Europe & Central Asia","High income","IT","Original chained constant price data are rescaled.","2010","Value added at basic prices (VAB)","","Euro area","Country uses the 2008 System of National Accounts methodology","","","BPM6","","Special trade system","Consolidated central government","Special Data Dissemination Standard Plus (SDDS+)","2012. Population data compiled from administrative registers in combination with other sources of data, such as a sample surveys.","","Income survey (IS), 2015","Yes","2010","2014","2017",
"JAM","Jamaica","Jamaica","Jamaica","JM","Jamaican dollar","","Latin America & Caribbean","Upper middle income","JM","2007","","Value added at basic prices (VAB)","IBRD","","Country uses the 1993 System of National Accounts methodology","","","BPM6","Actual","Special trade system","Budgetary central government","Enhanced General Data Dissemination System (e-GDDS)","2011","Multiple Indicator Cluster Survey, 2011","Living Standards Measurement Study Survey (LSMS), 2012","","2007","1996","2017",
"JOR","Jordan","Jordan","Hashemite Kingdom of Jordan","JO","Jordanian dinar","","Middle East & North Africa","Upper middle income","JO","2016","","Value added at basic prices (VAB)","IBRD","","Country uses the 1968 System of National Accounts methodology","","","BPM6","Actual","Special trade system","Budgetary central government","Special Data Dissemination Standard (SDDS)","2015","Demographic and Health Survey, 2017/18","Expenditure survey/budget survey (ES/BS), 2010","","2007","2013","2017",
"KAZ","Kazakhstan","Kazakhstan","Republic of Kazakhstan","KZ","Kazakh tenge","","Europe & Central Asia","Upper middle income","KZ","Original chained constant price data are rescaled.","2005","Value added at basic prices (VAB)","IBRD","","Country uses the 1993 System of National Accounts methodology","1987–95","","BPM6","Actual","General trade system","Consolidated central government","Special Data Dissemination Standard (SDDS)","2009","Multiple Indicator Cluster Survey, 2015","Expenditure survey/budget survey (ES/BS), 2017","","2006-2007","2013","2017",
"KEN","Kenya","Kenya","Republic of Kenya","KE","Kenyan shilling","Fiscal year end: June 30; reporting period for national accounts data: CY.","Sub-Saharan Africa","Lower middle income","KE","2009","","Value added at basic prices (VAB)","Blend","","Country uses the 2008 System of National Accounts methodology","","","BPM6","Actual","General trade system","Consolidated central government","Enhanced General Data Dissemination System (e-GDDS)","2009","Malaria Indicator Survey, 2015","Integrated household survey (IHS), 2015/16","","","2013","2017",
"KHM","Cambodia","Cambodia","Kingdom of Cambodia","KH","Cambodian riel","","East Asia & Pacific","Lower middle income","KH","2000","","Value added at basic prices (VAB)","IDA","","Country uses the 1993 System of National Accounts methodology","","","BPM6","Actual","General trade system","Budgetary central government","Enhanced General Data Dissemination System (e-GDDS)","2019","Demographic and Health Survey, 2014","Integrated household survey (IHS), 2012","","2013","2000","2017",
"LBN","Lebanon","Lebanon","Lebanese Republic","LB","Lebanese pound","","Middle East & North Africa","Upper middle income","LB","2010","","Value added at basic prices (VAB)","IBRD","","Country uses the 2008 System of National Accounts methodology","","","BPM5 (Converted into BPM6 by IMF)","Actual","Special trade system","Budgetary central government","Enhanced General Data Dissemination System (e-GDDS)","1943","Family Health Survey, 2004","Expenditure survey/budget survey (ES/BS), 2011/12","Yes","2010","2007","2017",
"LBR","Liberia","Liberia","Republic of Liberia","LR","U.S. dollar","Pre-2000 data will be revised further for consistency and quality purpose.","Sub-Saharan Africa","Low income","LR","1992","","Value added at producer prices (VAP)","IDA","HIPC","Country uses the 2008 System of National Accounts methodology","","","BPM6","Actual","Special trade system","Consolidated central government","Enhanced General Data Dissemination System (e-GDDS)","2008","Demographic and Health Survey, 2019/20","Expenditure survey/budget survey (ES/BS), 2014","","","","2016",
"LKA","Sri Lanka","Sri Lanka","Democratic Socialist Republic of Sri Lanka","LK","Sri Lankan rupee","","South Asia","Lower middle income","LK","2010","","Value added at basic prices (VAB)","IBRD","","Country uses the 2008 System of National Accounts methodology","","","BPM6","Actual","General trade system","Budgetary central government","Special Data Dissemination Standard (SDDS)","2012","Demographic and Health Survey, 2006/07","Expenditure survey/budget survey (ES/BS), 2016","Yes","2013-2014","2012","2017",
"LSO","Lesotho","Lesotho","Kingdom of Lesotho","LS","Lesotho loti","Fiscal year end: March 31; reporting period for national accounts data: CY.","Sub-Saharan Africa","Lower middle income","LS","2012","","Value added at basic prices (VAB)","IDA","","Country uses the 1993 System of National Accounts methodology","","","BPM6","Actual","General trade system","Budgetary central government","Enhanced General Data Dissemination System (e-GDDS)","2016","Multiple Indicator Cluster Survey, 2018","Expenditure survey/budget survey (ES/BS), 2010","","2010","1985","2017",
"LTU","Lithuania","Lithuania","Republic of Lithuania","LT","Euro","A simple multiplier is used to convert the national currencies of EMU members to euros. The following irrevocable euro conversion rate entered into force on January 1, 2015: 1 euro = 3.45280 Lithuanian litas. Please note that historical data are not actual euros and are not comparable or suitable for aggregation across countries. Based on data from EUROSTAT, the new reference year is 2010.","Europe & Central Asia","High income","LT","Original chained constant price data are rescaled.","2010","Value added at basic prices (VAB)","","Euro area","Country uses the 2008 System of National Accounts methodology","1990–95","","BPM6","","Special trade system","Consolidated central government","Special Data Dissemination Standard Plus (SDDS+)","2011. Population data compiled from administrative registers in combination with other sources of data, such as a sample surveys.","","Income survey (IS), 2015","Yes","2010","2014","2017",
"LUX","Luxembourg","Luxembourg","Grand Duchy of Luxembourg","LU","Euro","A simple multiplier is used to convert the national currencies of EMU members to euros. The following irrevocable euro conversion rate was adopted by the EU Council on January 1, 1999: 1 euro = 40.3399 Luxembourg franc. Please note that historical data before 1999 are not actual euros and are not comparable or suitable for aggregation across countries.","Europe & Central Asia","High income","LU","Original chained constant price data are rescaled.","2010","Value added at basic prices (VAB)","","Euro area","Country uses the 2008 System of National Accounts methodology","","","BPM6","","Special trade system","Consolidated central government","Special Data Dissemination Standard (SDDS)","2011","","Income survey (IS), 2015","Yes","2010","2013","2017",
"LVA","Latvia","Latvia","Republic of Latvia","LV","Euro","A simple multiplier is used to convert the national currencies of EMU members to euros. The following irrevocable euro conversion rate entered into force on January 1, 2014: 1 euro = 0.702804 Latvian lats. Please note that historical data are not actual euros and are not comparable or suitable for aggregation across countries. Based on data from EUROSTAT, the new reference year is 2010.","Europe & Central Asia","High income","LV","Original chained constant price data are rescaled.","2010","Value added at basic prices (VAB)","","Euro area","Country uses the 2008 System of National Accounts methodology","1987–95","","BPM6","","Special trade system","Consolidated central government","Special Data Dissemination Standard Plus (SDDS+)","2011. Population data compiled from administrative registers in combination with other sources of data, such as a sample surveys.","World Health Survey, 2003","Income survey (IS), 2015","Yes","2010","2013","2017",
"MAR","Morocco","Morocco","Kingdom of Morocco","MA","Moroccan dirham","","Middle East & North Africa","Lower middle income","MA","2007","","Value added at basic prices (VAB)","IBRD","","Country uses the 2008 System of National Accounts methodology","","","BPM6","Actual","Special trade system","Budgetary central government","Special Data Dissemination Standard (SDDS)","2014","Morocco National Survey on Population and Family Health, 2010/11","Expenditure survey/budget survey (ES/BS), 2013","","","2013","2017",
"MDA","Moldova","Moldova","Republic of Moldova","MD","Moldovan leu","Excluding Transnistria. For 1950-94, World Bank estimates using UN World Population Prospects' growth rates of whole Moldova.","Europe & Central Asia","Lower middle income","MD","Original chained constant price data are rescaled.","2010","Value added at basic prices (VAB)","IBRD","","Country uses the 2008 System of National Accounts methodology","1990–95","","BPM6","Actual","General trade system","Consolidated central government","Special Data Dissemination Standard (SDDS)","2014","Multiple Indicator Cluster Survey, 2012","Expenditure survey/budget survey (ES/BS), 2017","Yes","2011","2012","2017",
"MDG","Madagascar","Madagascar","Republic of Madagascar","MG","Malagasy ariary","","Sub-Saharan Africa","Low income","MG","2007","","Value added at basic prices (VAB)","IDA","HIPC","Country uses the 1993 System of National Accounts methodology","","","BPM6","Actual","General trade system","Budgetary central government","Enhanced General Data Dissemination System (e-GDDS)","2018","Multiple Indicator Cluster Survey, 2018","Priority survey (PS), 2012","","","2006","2017",
"MDV","Maldives","Maldives","Republic of Maldives","MV","Maldivian rufiyaa","","South Asia","Upper middle income","MV","2014","","Value added at basic prices (VAB)","IDA","","Country uses the 1993 System of National Accounts methodology","","","BPM6","Actual","General trade system","Consolidated central government","Enhanced General Data Dissemination System (e-GDDS)","2014","Demographic and Health Survey, 2016/17","Integrated household survey (IHS), 2009/10","Yes","","","2017",
"MEX","Mexico","Mexico","United Mexican States","MX","Mexican peso","","Latin America & Caribbean","Upper middle income","MX","2013","","Value added at basic prices (VAB)","IBRD","","Country uses the 2008 System of National Accounts methodology","","","BPM6","Actual","General trade system","Consolidated central government","Special Data Dissemination Standard (SDDS)","2010","Multiple Indicator Cluster Survey, 2015","Integrated household survey (IHS), 2016","Yes","2007","2013","2017",
"MLI","Mali","Mali","Republic of Mali","ML","West African CFA franc","","Sub-Saharan Africa","Low income","ML","1999","","Value added at basic prices (VAB)","IDA","HIPC","Country uses the 1993 System of National Accounts methodology","","","BPM6","Estimate","General trade system","Budgetary central government","Enhanced General Data Dissemination System (e-GDDS)","2009","Demographic and Health Survey, 2018","Integrated household survey (IHS), 2009/10","","","","2017",
"MLT","Malta","Malta","Republic of Malta","MT","Euro","A simple multiplier is used to convert the national currencies of EMU members to euros. The following irrevocable euro conversion rate entered into force on January 1, 2008: 1 euro = 0.4293 Maltese lira. Please note that historical data are not actual euros and are not comparable or suitable for aggregation across countries. National accounts data source from 1995 to 2015 is Eurostat; prior to 1995 is UN. The new reference year is 2010.","Middle East & North Africa","High income","MT","Original chained constant price data are rescaled.","2010","Value added at basic prices (VAB)","","Euro area","Country uses the 2008 System of National Accounts methodology","","","BPM6","","General trade system","Consolidated central government","Special Data Dissemination Standard (SDDS)","2011","","Income survey (IS), 2015","Yes","2010","2009","2017",
"MNE","Montenegro","Montenegro","Montenegro","ME","Euro","Montenegro declared independence from Serbia and Montenegro on June 3, 2006. Where available, data for each country are shown separately. However, for Serbia, some indicators continue to include data for Montenegro through 2005.","Europe & Central Asia","Upper middle income","ME","Original chained constant price data are rescaled.","2006","Value added at basic prices (VAB)","IBRD","","Country uses the 2008 System of National Accounts methodology","","","BPM6","Actual","Special trade system","","Enhanced General Data Dissemination System (e-GDDS)","2011","Multiple Indicator Cluster Survey, 2018","Expenditure survey/budget survey (ES/BS), 2014","Yes","2010","","2017",
"MNG","Mongolia","Mongolia","Mongolia","MN","Mongolian tugrik","","East Asia & Pacific","Lower middle income","MN","2010","","Value added at basic prices (VAB)","IBRD","","Country uses the 2008 System of National Accounts methodology","","","BPM6","Actual","General trade system","Consolidated central government","Enhanced General Data Dissemination System (e-GDDS)","2020","Multiple Indicator Cluster Survey, 2018","Integrated household survey (IHS), 2016","Yes","2011","2011","2017",
"MOZ","Mozambique","Mozambique","Republic of Mozambique","MZ","New Mozambican metical","","Sub-Saharan Africa","Low income","MZ","2014","","Value added at basic prices (VAB)","IDA","HIPC","Country uses the 2008 System of National Accounts methodology","1992–95","","BPM6","Actual","General trade system","Budgetary central government","Enhanced General Data Dissemination System (e-GDDS)","2017","Malaria Indicator Survey, 2018","Expenditure survey/budget survey (ES/BS), 2014","","2009-2010","1973","2017",
"MRT","Mauritania","Mauritania","Islamic Republic of Mauritania","MR","Mauritanian ouguiya","National account data were adjusted to reflect the new banknote (1 new ouguiya = 10 old ouguiya)","Sub-Saharan Africa","Lower middle income","MR","2014","","Value added at basic prices (VAB)","IDA","HIPC","Country uses the 1993 System of National Accounts methodology","","","BPM6","Actual","General trade system","","Enhanced General Data Dissemination System (e-GDDS)","2013","Demographic and Health Survey, 2019/20","Integrated household survey (IHS), 2014","","","","2017",
"MUS","Mauritius","Mauritius","Republic of Mauritius","MU","Mauritian rupee","","Sub-Saharan Africa","High income","MU","2006","","Value added at basic prices (VAB)","IBRD","","Country uses the 2008 System of National Accounts methodology","","","BPM6","Actual","General trade system","Consolidated central government","Special Data Dissemination Standard (SDDS)","2011. Housing census only.","World Health Survey, 2003","Integrated household survey (IHS), 2012","Yes","2014","2012","2017",
"MWI","Malawi","Malawi","Republic of Malawi","MW","Malawi kwacha","","Sub-Saharan Africa","Low income","MW","2010","","Value added at basic prices (VAB)","IDA","HIPC","Country uses the 2008 System of National Accounts methodology","","","BPM6","Actual","General trade system","Budgetary central government","Enhanced General Data Dissemination System (e-GDDS)","2018","Malaria Indicator Survey, 2017","Integrated household survey (IHS), 2016","","2006-2007","2012","2017",
"NAM","Namibia","Namibia","Republic of Namibia","NA","Namibian dollar","Fiscal year end: March 31; reporting period for national accounts data: CY.","Sub-Saharan Africa","Upper middle income","NA","2015","","Value added at basic prices (VAB)","IBRD","","Country uses the 1993 System of National Accounts methodology","","","BPM6","","General trade system","Budgetary central government","Enhanced General Data Dissemination System (e-GDDS)","2011","Demographic and Health Survey, 2013","Expenditure survey/budget survey (ES/BS), 2015","","2013-2014","2013","2017",
"NER","Niger","Niger","Republic of Niger","NE","West African CFA franc","","Sub-Saharan Africa","Low income","NE","2015","","Value added at basic prices (VAB)","IDA","HIPC","Country uses the 2008 System of National Accounts methodology","1993","","BPM6","Actual","General trade system","","Enhanced General Data Dissemination System (e-GDDS)","2012","Demographic and Health Survey, 2017","Core Welfare Indicator Questionnaire Survey (CWIQ)/Priority survey (PS), 2014","","2004-2008","2002","2017",
"NGA","Nigeria","Nigeria","Federal Republic of Nigeria","NG","Nigerian naira","","Sub-Saharan Africa","Lower middle income","NG","2010","","Value added at basic prices (VAB)","Blend","","Country uses the 2008 System of National Accounts methodology","1971–98","","BPM6","Actual","General trade system","Budgetary central government","Enhanced General Data Dissemination System (e-GDDS)","2006","Demographic and Health Survey, 2018","Integrated household survey (IHS), 2009/10","","2007. Economic Census, Natural Resources Census, Livestock Census, Livestock and Aquaculture Census or Sample Agricultural Census.","1996","2017",
"NIC","Nicaragua","Nicaragua","Republic of Nicaragua","NI","Nicaraguan gold cordoba","","Latin America & Caribbean","Lower middle income","NI","Original chained constant price data are rescaled.","2006","Value added at basic prices (VAB)","IDA","HIPC","Country uses the 2008 System of National Accounts methodology","1965–95","","BPM6","Actual","General trade system","Budgetary central government","Enhanced General Data Dissemination System (e-GDDS)","2005","Reproductive Health Survey, 2006/2007","Living Standards Measurement Study Survey (LSMS), 2016","","2011","1985","2017",
"NOR","Norway","Norway","Kingdom of Norway","NO","Norwegian krone","","Europe & Central Asia","High income","NO","Original chained constant price data are rescaled.","2010","Value added at basic prices (VAB)","","","Country uses the 2008 System of National Accounts methodology","","","BPM6","","General trade system","Consolidated central government","Special Data Dissemination Standard (SDDS)","2011. Population data compiled from administrative registers.","","Income survey (IS), 2014","Yes","2010","2014","2017",
"NPL","Nepal","Nepal","Nepal","NP","Nepalese rupee","Fiscal year end: July 14; reporting period for national accounts data: FY.","South Asia","Lower middle income","NP","2000/01","","Value added at basic prices (VAB)","IDA","","Country uses the 1993 System of National Accounts methodology","","","BPM5 (Converted into BPM6 by IMF)","Actual","General trade system","Budgetary central government","Enhanced General Data Dissemination System (e-GDDS)","2011","Multiple Indicator Cluster Survey, 2019","Living Standards Measurement Study Survey (LSMS), 2010/11","","2011-2012","2011","2017",
"PAK","Pakistan","Pakistan","Islamic Republic of Pakistan","PK","Pakistani rupee","Fiscal year end: June 30; reporting period for national accounts data: FY.","South Asia","Lower middle income","PK","2005/06","","Value added at basic prices (VAB)","Blend","","Country uses the 2008 System of National Accounts methodology","","","BPM6","Actual","General trade system","Budgetary central government","Enhanced General Data Dissemination System (e-GDDS)","2017","Demographic and Health Survey, 2017/18","Integrated household survey (IHS), 2014/15","","2010","2006","2017",
"PAN","Panama","Panama","Republic of Panama","PA","Panamanian balboa","","Latin America & Caribbean","High income","PA","Original chained constant price data are rescaled.","2007","Value added at basic prices (VAB)","IBRD","","Country uses the 1993 System of National Accounts methodology","","","BPM6","","Special trade system","","Enhanced General Data Dissemination System (e-GDDS)","2010","Multiple Indicator Cluster Survey, 2013","Integrated household survey (IHS), 2016","Yes","2011","2001","2017",
"PER","Peru","Peru","Republic of Peru","PE","Peruvian new sol","","Latin America & Caribbean","Upper middle income","PE","2007","","Value added at basic prices (VAB)","IBRD","","Country uses the 2008 System of National Accounts methodology","1985–90","","BPM5 (Converted into BPM6 by IMF)","Actual","Special trade system","Consolidated central government","Special Data Dissemination Standard (SDDS)","2017","Continuous Demographic and Health Survey, 2014","Integrated household survey (IHS), 2017","","2012","2011","2017",
"PHL","Philippines","Philippines","Republic of the Philippines","PH","Philippine peso","","East Asia & Pacific","Lower middle income","PH","2018","","Value added at producer prices (VAP)","IBRD","","Country uses the 2008 System of National Accounts methodology","","","BPM6","Actual","General trade system","Budgetary central government","Special Data Dissemination Standard (SDDS)","2015","Demographic and Health Survey, 2017","Expenditure survey/budget survey (ES/BS), 2015","Yes","2012","2012","2017",
"PLW","Palau","Palau","Republic of Palau","PW","U.S. dollar","Fiscal year ends on September 30; reporting period for national accounts data: FY.","East Asia & Pacific","High income","PW","2015","","Value added at basic prices (VAB)","IBRD","","Country uses the 1993 System of National Accounts methodology","","","BPM6","","General trade system","Budgetary central government","Enhanced General Data Dissemination System (e-GDDS)","2015","","Expenditure survey/budget survey (ES/BS), 2006","Yes","","","2017",
"PNG","Papua New Guinea","Papua New Guinea","The Independent State of Papua New Guinea","PG","Papua New Guinea kina","","East Asia & Pacific","Lower middle income","PG","2013","","Value added at basic prices (VAB)","Blend","","Country uses the 1993 System of National Accounts methodology","1989","","BPM5 (Converted into BPM6 by IMF)","Actual","General trade system","Budgetary central government","Enhanced General Data Dissemination System (e-GDDS)","2011","Demographic and Health Survey, 2016/18","Integrated household survey (IHS), 2009/10","","","1987","2017",
"POL","Poland","Poland","Republic of Poland","PL","Polish zloty","","Europe & Central Asia","High income","PL","Original chained constant price data are rescaled.","2010","Value added at basic prices (VAB)","IBRD","","Country uses the 2008 System of National Accounts methodology","","","BPM6","","Special trade system","Consolidated central government","Special Data Dissemination Standard (SDDS)","2011. Population data compiled from administrative registers in combination with other sources of data, such as a sample surveys.","","Expenditure survey/budget survey (ES/BS), 2016","Yes","2010","2013","2017",
"PRI","Puerto Rico","Puerto Rico","Puerto Rico","PR","U.S. dollar","Fiscal year end: June 30; reporting period for national accounts data: FY.","Latin America & Caribbean","High income","PR","1954","","Value added at producer prices (VAP)","","","Country uses the 1968 System of National Accounts methodology","","","","","General trade system","","","2010","Reproductive Health Survey, 1995/96","","Yes","2012","2006","",
"PRT","Portugal","Portugal","Portuguese Republic","PT","Euro","A simple multiplier is used to convert the national currencies of EMU members to euros. The following irrevocable euro conversion rate was adopted by the EU Council on January 1, 1999: 1 euro = 200.482 Portuguese escudo. Please note that historical data before 1999 are not actual euros and are not comparable or suitable for aggregation across countries.","Europe & Central Asia","High income","PT","Original chained constant price data are rescaled.","2010","Value added at basic prices (VAB)","","Euro area","Country uses the 2008 System of National Accounts methodology","","","BPM6","","Special trade system","Consolidated central government","Special Data Dissemination Standard Plus (SDDS+)","2011","","","Yes","2009","2014","2017",
"PRY","Paraguay","Paraguay","Republic of Paraguay","PY","Paraguayan guarani","","Latin America & Caribbean","Upper middle income","PY","2014","","Value added at basic prices (VAB)","IBRD","","Country uses the 2008 System of National Accounts methodology","","","BPM5 (Converted into BPM6 by IMF)","Actual","General trade system","Consolidated central government","Enhanced General Data Dissemination System (e-GDDS)","2012","Multiple Indicator Cluster Survey, 2016","Integrated household survey (IHS), 2017","","2008","2010","2017",
"PSE","West Bank and Gaza","West Bank and Gaza","West Bank and Gaza","PS","Israeli new shekel","","Middle East & North Africa","Lower middle income","GZ","2015","","","","","","","","BPM6","","General trade system","Consolidated central government","Special Data Dissemination Standard (SDDS)","2017","Multiple Indicator Cluster Survey, 2019/20","Expenditure survey/budget survey (ES/BS), 2016/17","","2010","2013","",
"ROU","Romania","Romania","Romania","RO","New Romanian leu","","Europe & Central Asia","High income","RO","Original chained constant price data are rescaled.","2005","Value added at basic prices (VAB)","IBRD","","Country uses the 2008 System of National Accounts methodology","1987–89, 1992","","BPM6","Actual","Special trade system","Consolidated central government","Special Data Dissemination Standard (SDDS)","2011","Romania Reproductive Health Survey, 2004","Income survey (IS), 2016","Yes","2010","2013","2017",
"RUS","Russia","Russian Federation","Russian Federation","RU","Russian ruble","","Europe & Central Asia","Upper middle income","RU","Original chained constant price data are rescaled.","2016","Value added at basic prices (VAB)","IBRD","","Country uses the 2008 System of National Accounts methodology","1987–95","","BPM6","Preliminary","General trade system","Consolidated central government","Special Data Dissemination Standard (SDDS)","2010","Russian Federation Reproductive Health Survey, 2011","Expenditure survey/budget survey (ES/BS), 2017","Yes","2016","2014","2017",
"RWA","Rwanda","Rwanda","Republic of Rwanda","RW","Rwandan franc","","Sub-Saharan Africa","Low income","RW","2017","","Value added at basic prices (VAB)","IDA","HIPC","Country uses the 2008 System of National Accounts methodology","1994","","BPM6","Actual","General trade system","Budgetary central government","Enhanced General Data Dissemination System (e-GDDS)","2012","Malaria Indicator Survey, 2017","Integrated household survey (IHS), 2016/17","","2008, 2013","1999","2017",
"SEN","Senegal","Senegal","Republic of Senegal","SN","West African CFA franc","","Sub-Saharan Africa","Lower middle income","SN","2014","","Value added at basic prices (VAB)","IDA","HIPC","Country uses the 2008 System of National Accounts methodology","","","BPM6","Actual","General trade system","Budgetary central government","Special Data Dissemination Standard (SDDS)","2013","Continuous Demographic and Health Survey, 2017","Priority survey (PS), 2011/12","","2013","2012","2017",
"SLB","Solomon Islands","Solomon Islands","Solomon Islands","SB","Solomon Islands dollar","","East Asia & Pacific","Lower middle income","SB","2004","","Value added at basic prices (VAB)","IDA","","Country uses the 1993 System of National Accounts methodology","","","BPM6","Actual","Special trade system","Budgetary central government","Enhanced General Data Dissemination System (e-GDDS)","2019","Solomon Islands Demographic and Health Survey, 2006/07","Integrated household survey (IHS), 2012/13","","","","2017",
"SLE","Sierra Leone","Sierra Leone","Republic of Sierra Leone","SL","Sierra Leonean leone","","Sub-Saharan Africa","Low income","SL","2006","","Value added at basic prices (VAB)","IDA","HIPC","Country uses the 1993 System of National Accounts methodology","","","BPM5 (Converted into BPM6 by IMF)","Actual","General trade system","Consolidated central government","Enhanced General Data Dissemination System (e-GDDS)","2015","Demographic and Health Survey, 2019","Integrated household survey (IHS), 2011","","","1993","2017",
"SLV","El Salvador","El Salvador","Republic of El Salvador","SV","U.S. dollar","","Latin America & Caribbean","Lower middle income","SV","Original chained constant price data are rescaled.","2014","Value added at basic prices (VAB)","IBRD","","Country uses the 2008 System of National Accounts methodology","","","BPM6","Actual","General trade system","Consolidated central government","Special Data Dissemination Standard (SDDS)","2007","Multiple Indicator Cluster Survey, 2014","Integrated household survey (IHS), 2017","Yes","2007-2008","1998","2017",
"SRB","Serbia","Serbia","Republic of Serbia","RS","New Serbian dinar","Montenegro declared independence from Serbia and Montenegro on June 3, 2006. Where available, data for each country are shown separately. However, for Serbia, some indicators, such as those series for which data appear only for Serbia and not Montenegro--e.g., aid, environment, external debt, balance of payments, various social indicators excluding population--continue to include data for Montenegro through 2005. Moreover, data from 1999 onward for Serbia for most indicators exclude data for Kosovo, 1999 being the year when Kosovo became a territory under international administration pursuant to UN Security Council Resolution 1244 (1999); any exceptions are noted. Kosovo became a World Bank member on June 29, 2009; available data are shown separately for Kosovo. In 2011, the Statistical Office of Serbia improved the methodology of national accounts data for 2003 onward. Specifically, the classification of sectors was revised.","Europe & Central Asia","Upper middle income","YF","Original chained constant price data are rescaled.","2010","Value added at basic prices (VAB)","IBRD","","Country uses the 2008 System of National Accounts methodology","","","BPM6","Actual","General trade system","Consolidated central government","Enhanced General Data Dissemination System (e-GDDS)","2011","Multiple Indicator Cluster Survey, 2019","Expenditure survey/budget survey (ES/BS), 2016","Yes","2012","2014","2017",
"STP","São Tomé and Principe","São Tomé and Principe","Democratic Republic of São Tomé and Principe","ST","São Tomé and Principe dobra","National account data were adjusted to reflect the new banknote (1 new Dobra STN = 1000 old Dobra STD)","Sub-Saharan Africa","Lower middle income","ST","2008","","Value added at basic prices (VAB)","IDA","HIPC","Country uses the 1993 System of National Accounts methodology","","","BPM6","Actual","Special trade system","Budgetary central government","Enhanced General Data Dissemination System (e-GDDS)","2012","Multiple Indicator Cluster Survey, 2019","Priority survey (PS), 2010","Yes","","","2017",
"SVK","Slovak Republic","Slovak Republic","Slovak Republic","SK","Euro","A simple multiplier is used to convert the national currencies of EMU members to euros. The following irrevocable euro conversion rate entered into force on January 1, 2009: 1 euro = 30.126 Slovak koruna. Please note that historical data are not actual euros and are not comparable or suitable for aggregation across countries.","Europe & Central Asia","High income","SK","Original chained constant price data are rescaled.","2010","Value added at basic prices (VAB)","","Euro area","Country uses the 2008 System of National Accounts methodology","","","BPM6","","General trade system","Consolidated central government","Special Data Dissemination Standard (SDDS)","2011","World Health Survey, 2003","Income survey (IS), 2015","Yes","2010","2013","2017",
"SVN","Slovenia","Slovenia","Republic of Slovenia","SI","Euro","A simple multiplier is used to convert the national currencies of EMU members to euros. The following irrevocable euro conversion rate entered into force on January 1, 2007: 1 euro = 239.64 Slovenian tolar. Please note that historical data are not actual euros and are not comparable or suitable for aggregation across countries.","Europe & Central Asia","High income","SI","Original chained constant price data are rescaled.","2010","Value added at basic prices (VAB)","","Euro area","Country uses the 2008 System of National Accounts methodology","","","BPM6","","Special trade system","Consolidated central government","Special Data Dissemination Standard (SDDS)","2018. Population data compiled from administrative registers.","World Health Survey, 2003","Income survey (IS), 2015","Yes","2010","2013","2017",
"SWZ","Eswatini","Eswatini","Kingdom of Eswatini","SZ","Swazi lilangeni","Fiscal year end: March 31; reporting period for national accounts data: CY. Authorities revised national accounts from 1999 to 2015.","Sub-Saharan Africa","Lower middle income","SZ","2011","","Value added at basic prices (VAB)","IBRD","","Country uses the 2008 System of National Accounts methodology","","","BPM6","Actual","General trade system","Budgetary central government","Enhanced General Data Dissemination System (e-GDDS)","2017","Multiple Indicator Cluster Survey, 2014","Expenditure survey/budget survey (ES/BS), 2009/10","","","2011","2017",
"SYC","Seychelles","Seychelles","Republic of Seychelles","SC","Seychelles rupee","","Sub-Saharan Africa","High income","SC","2006","","Value added at basic prices (VAB)","IBRD","","Country uses the 1993 System of National Accounts methodology","","","BPM6","","General trade system","Consolidated central government","Special Data Dissemination Standard (SDDS)","2010","","Expenditure survey/budget survey (ES/BS), 2013","Yes","2011","","2017",
"TCD","Chad","Chad","Republic of Chad","TD","Central African CFA franc","","Sub-Saharan Africa","Low income","TD","2005","","Value added at basic prices (VAB)","IDA","HIPC","Country uses the 1993 System of National Accounts methodology","","","BPM5 (Converted into BPM6 by IMF)","Estimate","Special trade system","","Enhanced General Data Dissemination System (e-GDDS)","2009","Multiple Indicator Cluster Survey, 2019","Priority survey (PS), 2011","","","","2017",
"TGO","Togo","Togo","Republic of Togo","TG","West African CFA franc","","Sub-Saharan Africa","Low income","TG","2007","","Value added at basic prices (VAB)","IDA","HIPC","Country uses the 2008 System of National Accounts methodology","","","BPM6","Actual","Special trade system","Budgetary central government","Enhanced General Data Dissemination System (e-GDDS)","2010","Multiple Indicator Cluster Survey, 2017; Malaria Indicator Survey, 2017","Core Welfare Indicator Questionnaire Survey (CWIQ), 2015","","2011-14","","2017",
"THA","Thailand","Thailand","Kingdom of Thailand","TH","Thai baht","Fiscal year end: September 30; reporting period for national accounts data: CY.","East Asia & Pacific","Upper middle income","TH","2002","","Value added at producer prices (VAP)","IBRD","","Country uses the 2008 System of National Accounts methodology","","","BPM6","Actual","Special trade system","Consolidated central government","Special Data Dissemination Standard (SDDS)","2010","Multiple Indicator Cluster Survey, 2019","Integrated household survey (IHS), 2015","","2013","2011","2017",
"TJK","Tajikistan","Tajikistan","Republic of Tajikistan","TJ","Tajik somoni","","Europe & Central Asia","Low income","TJ","Original chained constant price data are rescaled.","2000","Value added at basic prices (VAB)","IDA","","Country uses the 1993 System of National Accounts methodology","1990–95","","BPM6","Actual","General trade system","","Enhanced General Data Dissemination System (e-GDDS)","2010","Demographic and Health Survey, 2017","Expenditure survey/budget survey (ES/BS), 2015","","2013","","2017",
"TLS","Timor-Leste","Timor-Leste","Democratic Republic of Timor-Leste","TL","U.S. dollar","","East Asia & Pacific","Lower middle income","TP","2015","","Value added at basic prices (VAB)","Blend","","Country uses the 2008 System of National Accounts methodology","","","","","General trade system","","Enhanced General Data Dissemination System (e-GDDS)","2015","Demographic and Health Survey, 2016","Living Standards Measurement Study Survey (LSMS), 2014/15","","","","2017",
"TUN","Tunisia","Tunisia","Republic of Tunisia","TN","Tunisian dinar","","Middle East & North Africa","Lower middle income","TN","2010","2010","Value added at basic prices (VAB)","IBRD","","Country uses the 1993 System of National Accounts methodology","","","BPM5 (Converted into BPM6 by IMF)","Actual","General trade system","Budgetary central government","Special Data Dissemination Standard (SDDS)","2014","Multiple Indicator Cluster Survey, 2018","Integrated household survey (IHS), 2015","","","2010","2017",
"TUR","Turkey","Turkey","Republic of Turkey","TR","New Turkish lira","","Europe & Central Asia","Upper middle income","TR","Original chained constant price data are rescaled.","2009","Value added at basic prices (VAB)","IBRD","","Country uses the 2008 System of National Accounts methodology","","","BPM6","Actual","Special trade system","Consolidated central government","Special Data Dissemination Standard (SDDS)","2011. Population data compiled from administrative registers in combination with other sources of data, such as a sample surveys.","Demographic and Health Survey, 2018","Expenditure survey/budget survey (ES/BS), 2016","Yes","","2014","2017",
"TZA","Tanzania","Tanzania","United Republic of Tanzania","TZ","Tanzanian shilling","","Sub-Saharan Africa","Lower middle income","TZ","2015","","Value added at basic prices (VAB)","IDA","HIPC","Country uses the 1993 System of National Accounts methodology","","","BPM6","Estimate","General trade system","Budgetary central government","Enhanced General Data Dissemination System (e-GDDS)","2012","Malaria Indicator Survey, 2017","Expenditure survey/budget survey (ES/BS), 2011/12","","2007-2008","2010","2017",
"UGA","Uganda","Uganda","Republic of Uganda","UG","Ugandan shilling","Fiscal year end: June 30; reporting period for national accounts data: FY.","Sub-Saharan Africa","Low income","UG","2017","","Value added at basic prices (VAB)","IDA","HIPC","Country uses the 2008 System of National Accounts methodology","","","BPM6","Actual","General trade system","Consolidated central government","Enhanced General Data Dissemination System (e-GDDS)","2014","Malaria Indicator Survey, 2018/19","Integrated household survey (IHS), 2015/16","","2008-2009","2000","2017",
"UKR","Ukraine","Ukraine","Ukraine","UA","Ukrainian hryvnia","","Europe & Central Asia","Lower middle income","UA","Original chained constant price data are rescaled.","2016","Value added at basic prices (VAB)","IBRD","","Country uses the 2008 System of National Accounts methodology","1987–95","","BPM6","Actual","General trade system","Consolidated central government","Special Data Dissemination Standard (SDDS)","2001","Multiple Indicator Cluster Survey, 2012","Integrated household survey (IHS), 2017","Yes","","2014","2017",
"URY","Uruguay","Uruguay","Oriental Republic of Uruguay","UY","Uruguayan peso","","Latin America & Caribbean","High income","UY","2005","","Value added at basic prices (VAB)","IBRD","","Country uses the 1993 System of National Accounts methodology","","","BPM6","","Special trade system","Consolidated central government","Special Data Dissemination Standard (SDDS)","2011","Multiple Indicator Cluster Survey, 2012/13","Integrated household survey (IHS), 2017","Yes","2011","2011","2017",
"USA","United States","United States","United States of America","US","U.S. dollar","","North America","High income","US","Original chained constant price data are rescaled.","2015","Value added at basic prices (VAB)","","","Country uses the 2008 System of National Accounts methodology","","","BPM6","","General trade system","Consolidated central government","Special Data Dissemination Standard Plus (SDDS+)","2010. Traditional decennial census with full field enumeration, and a continuous sample survey.","","Labor force survey (LFS), 2016","Yes","2012","2011","2016",
"UZB","Uzbekistan","Uzbekistan","Republic of Uzbekistan","UZ","Uzbek sum","","Europe & Central Asia","Lower middle income","UZ","Original chained constant price data are rescaled.","2010","Value added at basic prices (VAB)","Blend","","Country uses the 1993 System of National Accounts methodology","1990–95","","","Actual","General trade system","Consolidated central government","Enhanced General Data Dissemination System (e-GDDS)","1989","Multiple Indicator Cluster Survey, 2006","Expenditure survey/budget survey (ES/BS), 2013","Yes","","","2017",
"VEN","Venezuela","Venezuela, RB","República Bolivariana de Venezuela","VE","Venezuelan bolivar fuerte","","Latin America & Caribbean","Upper middle income","VE","1997","","Value added at basic prices (VAB)","IBRD","","Country uses the 1993 System of National Accounts methodology","","","BPM6","Estimate","General trade system","","Enhanced General Data Dissemination System (e-GDDS)","2011","Multiple Indicator Cluster Survey, 2000","Integrated household survey (IHS), 2015","","2008","1998","2016",
"VNM","Vietnam","Vietnam","Socialist Republic of Vietnam","VN","Vietnamese dong","","East Asia & Pacific","Lower middle income","VN","2010","","Value added at basic prices (VAB)","IBRD","","Country uses the 1993 System of National Accounts methodology","1991","","BPM6","Actual","General trade system","","Enhanced General Data Dissemination System (e-GDDS)","2019","Multiple Indicator Cluster Survey, 2013/14","Integrated household survey (IHS), 2016","Yes","2016","2013","2017",
"XKX","Kosovo","Kosovo","Republic of Kosovo","XK","Euro","","Europe & Central Asia","Upper middle income","XK","Original chained constant price data are rescaled.","2008","Value added at basic prices (VAB)","IDA","","Country uses the 1993 System of National Accounts methodology","","","BPM6","Actual","","","Enhanced General Data Dissemination System (e-GDDS)","2011","Multiple Indicator Cluster Survey, 2013/14","Expenditure survey/budget survey (ES/BS), 2015","","2014","","",
"ZAF","South Africa","South Africa","Republic of South Africa","ZA","South African rand","Fiscal year end: March 31; reporting period for national accounts data: CY.","Sub-Saharan Africa","Upper middle income","ZA","2010","2010","Value added at basic prices (VAB)","IBRD","","Country uses the 2008 System of National Accounts methodology","","","BPM6","Estimate","General trade system","Consolidated central government","Special Data Dissemination Standard (SDDS)","2011","Demographic and Health Survey, 2016","Expenditure survey/budget survey (ES/BS), 2014/15","","2007","2010","2017",
"ZMB","Zambia","Zambia","Republic of Zambia","ZM","New Zambian kwacha","National accounts data were rebased to reflect the January 1, 2013, introduction of the new Zambian kwacha at a rate of 1,000 old kwacha = 1 new kwacha.","Sub-Saharan Africa","Lower middle income","ZM","2010","","Value added at basic prices (VAB)","IDA","HIPC","Country uses the 2008 System of National Accounts methodology","1990–92","","BPM6","Actual","General trade system","Budgetary central government","Enhanced General Data Dissemination System (e-GDDS)","2010","Demographic and Health Survey, 2018","Integrated household survey (IHS), 2015","","","1994","2017",
"ZWE","Zimbabwe","Zimbabwe","Republic of Zimbabwe","ZW","U.S. dollar","","Sub-Saharan Africa","Lower middle income","ZW","2012","","Value added at basic prices (VAB)","Blend","","Country uses the 2008 System of National Accounts methodology","1991, 1998","","BPM6","Actual","General trade system","Budgetary central government","Enhanced General Data Dissemination System (e-GDDS)","2012","Multiple Indicator Cluster Survey, 2019","Integrated household survey (IHS), 2011/12","","","","2017",
